"",109
"1",187
"1100",265
"2",337
"3",398
"4",463
"5",529
"6",594
"7",659
"8",734
"9",798
"10",867
"11",942
"12",1007
"13",1073
"14",1140
"15",1213
"16",1276
"17",1352
"18",1418
"19",1486
"20",1564
"21",1637
"22",1702
"23",1769
"24",1836
"25",1910
"26",1984
"27",2050
"28",2126
"29",2192
"30",2257
"31",2322
"32",2387
"33",2451
"34",2525
"35",2593
"36",2668
"37",2742
"38",2806
"39",2881
"40",2946
"41",3020
"42",3093
"43",3169
"44",3240
"45",3313
"46",3386
"47",3452
"48",3516
"49",3590
"50",3656
"51",3730
"52",3805
"53",3881
"54",3943
"55",4018
"56",4091
"57",4166
"58",4240
"59",4314
"60",4379
"61",4455
"62",4530
"63",4603
"64",4675
"65",4746
"66",4821
"67",4897
"68",4974
"69",5051
"70",5125
"71",5191
"72",5258
"73",5334
"74",5410
"75",5488
"76",5563
"77",5629
"78",5694
"79",5768
"80",5835
"81",5904
"82",5980
"83",6048
"84",6120
"85",6194
"86",6261
"87",6330
"88",6397
"89",6473
"90",6547
"91",6622
"92",6687
"93",6765
"94",6841
"95",6908
"96",6984
"97",7057
"98",7131
"99",7199
"100",7266
"101",7339
"102",7404
"103",7480
"104",7557
"105",7624
"106",7691
"107",7763
"108",7831
"109",7904
"110",7974
"111",8048
"112",8122
"113",8192
"114",8266
"115",8330
"116",8404
"117",8474
"118",8547
"119",8614
"120",8679
"121",8755
"122",8822
"123",8897
"124",8967
"125",9040
"126",9116
"127",9184
"128",9262
"129",9332
"130",9400
"131",9473
"132",9538
"133",9612
"134",9686
"135",9757
"136",9823
"137",9898
"138",9972
"139",10036
"140",10104
"141",10180
"142",10257
"143",10335
"144",10410
"145",10477
"146",10552
"147",10622
"148",10692
"149",10764
"150",10841
"151",10918
"152",10982
"153",11049
"154",11115
"155",11190
"156",11263
"157",11336
"158",11406
"159",11482
"160",11561
"161",11633
"162",11708
"163",11778
"164",11853
"165",11923
"166",11995
"167",12067
"168",12140
"169",12214
"170",12286
"171",12364
"172",12446
"173",12517
"174",12587
"175",12660
"176",12732
"177",12804
"178",12878
"179",12951
"180",13024
"181",13091
"182",13168
"183",13239
"184",13311
"185",13381
"186",13455
"187",13528
"188",13600
"189",13675
"190",13750
"191",13822
"192",13894
"193",13965
"194",14035
"195",14109
"196",14183
"197",14254
"198",14326
"199",14395
"200",14466
"201",14535
"202",14607
"203",14679
"204",14761
"205",14833
"206",14906
"207",14988
"208",15062
"209",15142
"210",15214
"211",15283
"212",15347
"213",15415
"214",15479
"215",15543
"216",15612
"217",15687
"218",15755
"219",15825
"220",15893
"221",15963
"222",16031
"223",16096
"224",16169
"225",16237
"226",16304
"227",16372
"228",16440
"229",16508
"230",16576
"231",16643
"232",16708
"233",16771
"234",16847
"235",16913
"236",16983
"237",17049
"238",17117
"239",17186
"240",17255
"241",17321
"242",17387
"243",17454
"244",17520
"245",17585
"246",17651
"247",17715
"248",17788
"249",17859
"250",17929
"251",17996
"252",18064
"253",18135
"254",18210
"255",18277
"256",18346
"257",18413
"258",18486
"259",18553
"260",18626
"261",18695
"262",18773
"263",18852
"264",18921
"265",18990
"266",19056
"267",19126
"268",19196
"269",19262
"270",19332
"271",19400
"272",19468
"273",19540
"274",19608
"275",19678
"276",19745
"277",19813
"278",19891
"279",19959
"280",20024
"281",20093
"282",20160
"283",20228
"284",20294
"285",20373
"286",20440
"287",20511
"288",20583
"289",20650
"290",20719
"291",20786
"292",20856
"293",20920
"294",20984
"295",21052
"296",21121
"297",21192
"298",21257
"299",21325
"300",21394
"301",21461
"302",21532
"303",21602
"304",21667
"305",21733
"306",21803
"307",21871
"308",21937
"309",22005
"310",22073
"311",22139
"312",22206
"313",22275
"314",22343
"315",22406
"316",22475
"317",22545
"318",22615
"319",22684
"320",22753
"321",22822
"322",22892
"323",22958
"324",23028
"325",23097
"326",23168
"327",23245
"328",23311
"329",23388
"330",23455
"331",23533
"332",23606
"333",23675
"334",23745
"335",23812
"336",23882
"337",23952
"338",24019
"339",24088
"340",24166
"341",24231
"342",24300
"343",24365
"344",24437
"345",24504
"346",24570
"347",24640
"348",24711
"349",24779
"350",24851
"351",24922
"352",24994
"353",25067
"354",25139
"355",25206
"356",25276
"357",25347
"358",25416
"359",25488
"360",25559
"361",25628
"362",25697
"363",25765
"364",25837
"365",25906
"366",25975
"367",26044
"368",26119
"369",26188
"370",26257
"371",26329
"372",26401
"373",26470
"374",26539
"375",26609
"376",26688
"377",26757
"378",26828
"379",26899
"380",26970
"381",27042
"382",27114
"383",27185
"384",27256
"385",27325
"386",27394
"387",27465
"388",27538
"389",27609
"390",27681
"391",27753
"392",27825
"393",27897
"394",27966
"395",28035
"396",28106
"397",28175
"398",28245
"399",28314
"400",28385
"401",28454
"402",28525
"403",28597
"404",28665
"405",28739
"406",28808
"407",28878
"408",28954
"409",29025
"410",29097
"411",29166
"412",29238
"413",29307
"414",29374
"415",29442
"416",29513
"417",29583
"418",29653
"419",29723
"420",29797
"421",29863
"422",29934
"423",30003
"424",30070
"425",30140
"426",30211
"427",30283
"428",30354
"429",30431
"430",30500
"431",30580
"432",30660
"433",30729
"434",30800
"435",30870
"436",30949
"437",31018
"438",31089
"439",31169
"440",31240
"441",31313
"442",31383
"443",31452
"444",31524
"445",31593
"446",31665
"447",31734
"448",31804
"449",31876
"450",31950
"451",32021
"452",32092
"453",32170
"454",32241
"455",32313
"456",32386
"457",32467
"458",32536
"459",32607
"460",32679
"461",32753
"462",32825
"463",32897
"464",32969
"465",33040
"466",33111
"467",33182
"468",33250
"469",33323
"470",33402
"471",33473
"472",33546
"473",33618
"474",33689
"475",33759
"476",33829
"477",33901
"478",33971
"479",34043
"480",34117
"481",34185
"482",34254
"483",34326
"484",34403
"485",34475
"486",34554
"487",34625
"488",34699
"489",34770
"490",34839
"491",34913
"492",34985
"493",35056
"494",35128
"495",35198
"496",35279
"497",35353
"498",35423
"499",35494
"500",35568
"501",35641
"502",35717
"503",35789
"504",35862
"505",35935
"506",36009
"507",36080
"508",36151
"509",36225
"510",36297
"511",36369
"512",36439
"513",36509
"514",36581
"515",36657
"516",36728
"517",36800
"518",36873
"519",36949
"520",37020
"521",37099
"522",37170
"523",37237
"524",37311
"525",37384
"526",37454
"527",37523
"528",37596
"529",37666
"530",37739
"531",37815
"532",37888
